{
  "per_video": {
    "Abuse028_x264": {
      "p1": 0.7604166666666666,
      "pgl": 0.8229166666666666
    },
    "Assault006_x264": {
      "p1": 0.9989872685185185,
      "pgl": 0.9995659722222222
    },
    "Fighting047_x264": {
      "p1": 0.9884708737864077,
      "pgl": 0.9890776699029126
    },
    "Assault010_x264": {
      "p1": 0.9640151515151515,
      "pgl": 0.9668560606060606
    },
    "Abuse030_x264": {
      "p1": 0.8365384615384616,
      "pgl": 0.8365384615384616
    },
    "Fighting042_x264": {
      "p1": 0.9795258620689655,
      "pgl": 0.9806034482758621
    },
    "Fighting033_x264": {
      "p1": 0.9444444444444444,
      "pgl": 0.9409722222222222
    },
    "Fighting003_x264": {
      "p1": 0.99375,
      "pgl": 0.9953125
    },
    "Assault011_x264": {
      "p1": 0.9638157894736842,
      "pgl": 0.962171052631579
    },
    "Fighting018_x264": {
      "p1": 0.95,
      "pgl": 0.9444444444444444
    }
  },
  "aggregate": {
    "p1": 0.9859186746987951,
    "pgl": 0.9868975903614458
  }
}